{
  "name": "map",
  "version": "1.1.0",
  "description": "",
  "attribution": "Rendered with <a href=\"https://www.maptiler.com/\">MapTiler Desktop</a>",
  "type": "overlay",
  "format": "png",
  "minzoom": "0",
  "maxzoom": "5",
  "scale": "1.000000",
  "profile": "custom",
  "crs": "RASTER",
  "extent": [0.00000000, -8012.00000000, 8012.00000000, 0.00000000],
  "tile_matrix": [
  {
    "id": "0",
    "tile_size": [256, 256],
    "origin": [0.00000000, 0.00000000],
    "extent": [0.00000000, -8012.00000000, 8012.00000000, 0.00000000],
    "pixel_size": [32.00000000, -32.00000000],
    "scale_denominator": 114285.71428571
  },
  {
    "id": "1",
    "tile_size": [256, 256],
    "origin": [0.00000000, 0.00000000],
    "extent": [0.00000000, -8012.00000000, 8012.00000000, 0.00000000],
    "pixel_size": [16.00000000, -16.00000000],
    "scale_denominator": 57142.85714286
  },
  {
    "id": "2",
    "tile_size": [256, 256],
    "origin": [0.00000000, 0.00000000],
    "extent": [0.00000000, -8012.00000000, 8012.00000000, 0.00000000],
    "pixel_size": [8.00000000, -8.00000000],
    "scale_denominator": 28571.42857143
  },
  {
    "id": "3",
    "tile_size": [256, 256],
    "origin": [0.00000000, 0.00000000],
    "extent": [0.00000000, -8012.00000000, 8012.00000000, 0.00000000],
    "pixel_size": [4.00000000, -4.00000000],
    "scale_denominator": 14285.71428571
  },
  {
    "id": "4",
    "tile_size": [256, 256],
    "origin": [0.00000000, 0.00000000],
    "extent": [0.00000000, -8012.00000000, 8012.00000000, 0.00000000],
    "pixel_size": [2.00000000, -2.00000000],
    "scale_denominator": 7142.85714286
  },
  {
    "id": "5",
    "tile_size": [256, 256],
    "origin": [0.00000000, 0.00000000],
    "extent": [0.00000000, -8012.00000000, 8012.00000000, 0.00000000],
    "pixel_size": [1.00000000, -1.00000000],
    "scale_denominator": 3571.42857143
  }
]
}
